Date,Open,High,Low,Close,Volume,Name
1136246400,10.34,10.68,10.32,10.68,201853036,AAPL
1136246400,10.85,10.92,10.67,10.74,18468800,NKE
1136246400,126.7,129.44,124.23,128.87,6188700,GS
1136246400,17.21,17.49,17.18,17.45,55432166,CSCO
1136246400,20.4,20.5,20.18,20.45,13640800,KO
1136246400,211.47,218.05,209.32,217.83,13137450,GOOGL
1136246400,23.65,23.92,23.6,23.78,38052400,PFE
1136246400,24.08,24.48,24,24.4,9657400,DIS
1136246400,25.19,25.64,24.9,25.57,56409085,INTC
1136246400,26.25,27,26.1,26.84,79974418,MSFT
1136246400,30.2,30.47,30.04,30.38,12903800,VZ
1136246400,32.52,32.87,31.81,32.75,11430600,MRK
1136246400,34.29,34.29,33.2,33.52,9250100,MCD
1136246400,35.1,35.4,34.8,35.37,33221400,GE
1136246400,39.69,41.22,38.79,40.91,24232729,AABA
1136246400,39.83,40.36,39.3,40.19,12839400,JPM
1136246400,40.39,41.45,39.77,41.24,8960100,HD
1136246400,44.85,46,44.52,45.99,3843800,TRV
1136246400,46.36,46.66,45.57,46.23,23413900,WMT
1136246400,47.47,47.85,46.25,47.58,7582127,AMZN
1136246400,51.7,52.58,51.05,52.58,7825700,AXP
1136246400,56.42,58.47,56.42,58.47,23873200,XOM
1136246400,56.45,56.66,55.46,56.53,3716500,UTX
1136246400,57.25,59.1,57.06,59.08,13296500,CVX
1136246400,57.87,58.11,57.05,57.8,3697500,CAT
1136246400,58.3,58.86,57.69,58.78,9741600,PG
1136246400,61.07,61.85,61.05,61.63,10703200,JNJ
1136246400,62.6,62.6,60.6,61.73,8070600,UNH
1136246400,70.4,70.6,69.33,70.44,4943100,BA
1136246400,77.76,79.35,77.24,79.11,3117200,MMM
1136246400,82.45,82.55,80.81,82.06,11715200,IBM
1136332800,10.71,10.8,10.67,10.69,15832000,NKE
1136332800,10.73,10.85,10.64,10.71,155225609,AAPL
1136332800,127.35,128.91,126.38,127.09,4862000,GS
1136332800,17.48,17.93,17.46,17.85,80409776,CSCO
1136332800,20.5,20.54,20.33,20.41,19993200,KO
1136332800,222.17,224.7,220.09,222.84,15292353,GOOGL
1136332800,23.97,24.57,23.95,24.55,43972000,PFE
1136332800,24.5,24.69,23.77,23.99,13165300,DIS
1136332800,25.6,25.94,25.59,25.91,46189650,INTC
1136332800,26.77,27.08,26.77,26.97,57975661,MSFT
1136332800,30.57,31.29,30.45,31.27,31004500,VZ
1136332800,32.75,33.2,32.75,33.13,12530200,MRK
1136332800,33.43,33.85,33.42,33.82,5990300,MCD
1136332800,35.35,35.4,35.1,35.32,24017300,GE
1136332800,39.78,40.14,39.42,39.62,13491800,JPM
1136332800,40.94,41.04,40.23,40.48,9452300,HD
1136332800,41.22,41.9,40.77,40.97,20553479,AABA
1136332800,45.99,46.61,45.85,46.5,2285900,TRV
1136332800,46.24,46.5,46.1,46.32,14090700,WMT
1136332800,47.48,47.73,46.69,47.25,7440914,AMZN
1136332800,52.44,52.57,51.81,51.95,5729400,AXP
1136332800,56.8,56.8,55.84,56.19,3114500,UTX
1136332800,57.95,59.43,57.55,59.27,4577200,CAT
1136332800,58.6,58.84,58.06,58.57,19086600,XOM
1136332800,58.8,59.12,58.56,58.89,6746400,PG
1136332800,59.08,59.08,58.43,58.91,8838800,CVX
1136332800,61.89,62.2,61.6,61.88,5587100,UNH
1136332800,61.93,62.64,61.76,62.58,9068100,JNJ
1136332800,70.08,71.27,69.86,71.17,3165000,BA
1136332800,79.49,79.49,78.25,78.71,2558000,MMM
1136332800,82.2,82.5,81.33,81.95,9840600,IBM
1136419200,10.69,10.7,10.54,10.63,112396081,AAPL
1136419200,10.69,10.83,10.69,10.76,9256000,NKE
1136419200,126,127.32,125.61,127.04,3717600,GS
1136419200,17.94,18.48,17.93,18.35,118588943,CSCO
1136419200,20.36,20.56,20.29,20.51,16613400,KO
1136419200,223.22,226,220.97,225.85,10815661,GOOGL
1136419200,24.13,24.69,24.1,24.41,8698200,DIS
1136419200,24.55,24.75,24.44,24.58,42601900,PFE
1136419200,25.93,26.47,25.91,26.27,54893195,INTC
1136419200,26.96,27.13,26.91,26.99,48247610,MSFT
1136419200,31.28,31.91,31.22,31.63,20664000,VZ
1136419200,32.92,33.39,32.5,33.18,15349900,MRK
1136419200,33.82,34.2,33.73,33.86,6245200,MCD
1136419200,35.27,35.35,35.1,35.23,18860400,GE
1136419200,39.61,39.81,39.5,39.74,8109400,JPM
1136419200,40.1,40.36,39.81,40.08,9492700,HD
1136419200,40.93,41.73,40.85,41.53,12829610,AABA
1136419200,46,46.4,45.29,45.69,20759200,WMT
1136419200,46.79,46.98,46.58,46.95,3069300,TRV
1136419200,47.16,48.2,47.11,47.65,5417258,AMZN
1136419200,51.9,52.51,51.9,52.5,3926000,AXP
1136419200,56.3,56.49,55.63,55.98,3118900,UTX
1136419200,58.57,58.82,57.87,58.28,17158600,XOM
1136419200,58.68,58.96,57.85,58.19,8634800,CVX
1136419200,58.7,59.07,58.61,58.7,8936100,PG
1136419200,59.02,59.86,59,59.27,4590700,CAT
1136419200,62.23,62.88,61.49,61.69,5626000,UNH
1136419200,62.57,62.95,62.1,62.32,9852600,JNJ
1136419200,70.55,70.55,69.58,70.33,4598300,BA
1136419200,78.41,78.65,77.56,77.99,2529500,MMM
1136419200,81.4,82.9,81,82.5,7213500,IBM
1136505600,10.75,10.96,10.65,10.9,176139334,AAPL
1136505600,10.79,10.83,10.71,10.72,7573600,NKE
1136505600,127.29,129.25,127.29,128.84,4319600,GS
1136505600,18.51,18.88,18.47,18.77,122450979,CSCO
1136505600,20.53,20.78,20.43,20.7,17122800,KO
1136505600,228.66,235.49,226.85,233.06,17759521,GOOGL
1136505600,24.65,24.79,24.44,24.74,6412800,DIS
1136505600,24.7,24.95,24.63,24.85,28523900,PFE
1136505600,26.48,26.63,26.21,26.31,45703307,INTC
1136505600,26.89,27,26.49,26.91,100969092,MSFT
1136505600,31.6,31.6,31.16,31.35,57704300,VZ
1136505600,33.09,33.36,32.87,33.12,9302700,MRK
1136505600,34.23,34.3,33.81,34.06,5877100,MCD
1136505600,35.38,35.53,35.19,35.47,22085300,GE
1136505600,39.92,40.24,39.55,40.02,7966900,JPM
1136505600,40.25,40.51,40.09,40.38,9170200,HD
1136505600,42.88,43.57,42.8,43.21,29422828,AABA
1136505600,45.69,45.88,45.1,45.88,21135000,WMT
1136505600,47,47.63,46.99,47.21,2641500,TRV
1136505600,47.97,48.58,47.32,47.87,6154285,AMZN
1136505600,52.64,52.87,52.28,52.68,4137800,AXP
1136505600,56.45,56.67,56.1,56.16,2874300,UTX
1136505600,58.74,58.8,58.48,58.64,8826300,PG
1136505600,58.76,59.56,58.76,59.43,17370000,XOM
1136505600,58.95,59.57,58.59,59.25,9609000,CVX
1136505600,59.47,60.76,59.38,60.45,5692300,CAT
1136505600,62.36,62.74,62.14,62.6,5919300,JNJ
1136505600,62.75,62.93,62.03,62.9,5577800,UNH
1136505600,70.34,70.5,69.05,69.35,4820200,BA
1136505600,78.64,78.9,77.64,78.63,2479500,MMM
1136505600,83.95,85.03,83.41,84.95,8197400,IBM
1136764800,10.72,10.98,10.72,10.88,10441600,NKE
1136764800,10.96,11.03,10.82,10.86,168861224,AAPL
1136764800,128.5,130.62,128,130.39,4723500,GS
1136764800,18.97,19.11,18.92,19.06,78604868,CSCO
1136764800,20.74,20.84,20.62,20.8,13819800,KO
1136764800,233.44,236.94,230.7,233.68,12795837,GOOGL
1136764800,24.85,25.03,24.72,25,6590300,DIS
1136764800,24.98,24.99,24.52,24.85,28080300,PFE
1136764800,26.39,26.51,26.09,26.47,39461729,INTC
1136764800,26.93,27.07,26.76,26.86,55627836,MSFT
1136764800,31.39,31.52,31.21,31.48,17600000,VZ
1136764800,33.22,33.66,32.75,33.66,14958400,MRK
1136764800,34,34.74,33.99,34.71,4659900,MCD
1136764800,35.4,35.43,35.24,35.38,20716900,GE
1136764800,39.88,40.72,39.88,40.67,16575200,JPM
1136764800,40.8,41.1,40.25,40.82,8256300,HD
1136764800,43.1,43.66,42.82,43.42,16268338,AABA
1136764800,45.89,46.15,45.56,45.71,14890700,WMT
1136764800,46.55,47.1,46.4,47.08,8945056,AMZN
1136764800,46.71,47.35,46.65,47.23,2201500,TRV
1136764800,52.82,53.99,52.82,53.99,6093300,AXP
1136764800,56.37,56.9,56.16,56.8,2467200,UTX
1136764800,58.45,59.09,58.45,59.08,7715700,PG
1136764800,59.49,59.58,58.55,58.95,6442300,CVX
1136764800,59.8,59.87,59.27,59.4,17339500,XOM
1136764800,60.45,61.68,60.45,61.55,4409300,CAT
1136764800,62.52,63.01,62.43,62.99,7103700,JNJ
1136764800,62.9,62.9,61.26,61.4,8831000,UNH
1136764800,69.28,69.4,68.66,68.77,4567700,BA
1136764800,78.5,79.83,78.46,79.02,1845600,MMM
1136764800,84.1,84.25,83.38,83.73,6858200,IBM
1136851200,10.81,10.98,10.8,10.9,11837600,NKE
1136851200,10.89,11.7,10.83,11.55,570088246,AAPL
1136851200,130.05,132.95,130.02,132.03,5539800,GS
1136851200,18.87,19.15,18.78,18.97,73839465,CSCO
1136851200,20.59,20.86,20.59,20.82,13849800,KO
1136851200,232.44,235.36,231.25,235.11,9104719,GOOGL
1136851200,24.73,24.74,24.32,24.44,28630300,PFE
1136851200,25.02,25.33,25,25.32,11798200,DIS
1136851200,26.29,26.41,25.92,26.12,47034594,INTC
1136851200,26.65,27.02,26.59,27,64924946,MSFT
1136851200,31.8,31.84,31.52,31.61,30254800,VZ
1136851200,33.45,33.45,33.13,33.33,8887000,MRK
1136851200,34.61,34.85,34.54,34.74,7021800,MCD
1136851200,35.27,35.31,35.05,35.19,21044000,GE
1136851200,40.5,40.75,40.07,40.73,16614900,JPM
1136851200,41.04,42.49,41.02,41.8,15088100,HD
1136851200,42.96,43.34,42.34,42.98,16288580,AABA
1136851200,45.5,46.03,45.46,45.86,13422500,WMT
1136851200,46.41,46.75,45.36,45.65,9686957,AMZN
1136851200,47.05,47.19,46.59,46.89,1739000,TRV
1136851200,53.58,53.91,53.51,53.83,4894100,AXP
1136851200,56.44,57.02,56.05,56.84,3677300,UTX
1136851200,58.76,59.48,58.75,59.24,6969300,CVX
1136851200,58.89,58.9,58.57,58.85,8553600,PG
1136851200,59.2,60.16,59.16,59.86,17913400,XOM
1136851200,61.35,61.52,60.64,61.3,3188100,CAT
1136851200,61.45,62.77,61.44,62.61,6238100,UNH
1136851200,62.52,63.1,62.5,63.1,6658300,JNJ
1136851200,68.8,69.24,68.57,69.1,3869000,BA
1136851200,79,79.01,78.08,78.53,1919900,MMM
1136851200,83.15,84.12,83.12,84.07,5701000,IBM
1136937600,10.91,11.01,10.88,10.91,10372800,NKE
1136937600,11.98,12.11,11.8,11.99,373548882,AAPL
1136937600,131.45,133.8,131.42,131.97,4671400,GS
1136937600,18.98,19.43,18.94,19.4,73964864,CSCO
1136937600,20.83,20.9,20.74,20.84,10591600,KO
1136937600,235.87,237.79,234.82,236.05,9008664,GOOGL
1136937600,24.6,24.83,24.55,24.75,28433800,PFE
1136937600,25.38,25.79,25.25,25.56,12197600,DIS
1136937600,26.13,26.33,25.9,26.14,53005009,INTC
1136937600,27.01,27.39,26.9,27.29,70123544,MSFT
1136937600,31.8,32.07,31.63,31.99,19609600,VZ
1136937600,33.49,33.59,33.31,33.46,9515100,MRK
1136937600,34.82,35.36,34.8,35.34,8209000,MCD
1136937600,35.14,35.55,35.1,35.43,22394700,GE
1136937600,40.73,40.87,40.61,40.7,12333100,JPM
1136937600,42,43.2,41.91,42.95,12113900,HD
1136937600,42.19,42.31,41.72,41.87,26192772,AABA
1136937600,45.65,45.7,44.26,44.93,8497383,AMZN
1136937600,46.06,46.6,45.76,46.57,14179400,WMT
1136937600,47.18,47.68,47.04,47.65,2425500,TRV
1136937600,53.7,53.82,53.42,53.54,4611800,AXP
1136937600,56.7,56.77,55.59,55.98,3161100,UTX
1136937600,58.94,59.07,58.6,59.06,8791800,PG
1136937600,59.22,60,58.65,59.84,6451300,CVX
1136937600,59.68,60.49,59.32,60.27,17327100,XOM
1136937600,60.87,61.64,60.7,61.33,2755600,CAT
1136937600,62.6,62.7,61.62,61.85,5519600,UNH
1136937600,62.96,62.99,61.94,62.5,8825400,JNJ
1136937600,69.97,70.3,69.11,70.1,5011900,BA
1136937600,78.44,78.66,77.84,78.37,1911900,MMM
1136937600,84.37,84.81,83.4,84.17,5776500,IBM
1137024000,11.02,11.02,10.75,10.79,11159200,NKE
1137024000,12.14,12.34,11.95,12.04,320201966,AAPL
1137024000,131.4,133.21,131.38,132.25,3725500,GS
1137024000,19.27,19.35,19.08,19.2,59581203,CSCO
1137024000,20.64,20.82,20.64,20.72,17086000,KO
1137024000,237.1,237.73,230.98,232.05,10125212,GOOGL
1137024000,24.77,24.85,24.47,24.58,27020300,PFE
1137024000,25.65,25.79,25.52,25.64,9897000,DIS
1137024000,26.05,26.52,25.87,25.97,54026675,INTC
1137024000,27.25,27.26,26.97,27.14,45994725,MSFT
1137024000,32.05,32.3,31.9,32.11,24601600,VZ
1137024000,33.56,33.58,33.35,33.48,7083500,MRK
1137024000,35.25,35.32,34.74,34.79,11593600,MCD
1137024000,35.45,35.46,34.94,35,22159800,GE
1137024000,40.25,40.42,39.9,39.95,12230400,JPM
1137024000,41.92,41.99,40.76,40.89,18921686,AABA
1137024000,42.7,42.95,42.49,42.55,8515200,HD
1137024000,44.79,45.09,44.09,44.36,5818301,AMZN
1137024000,46.25,46.39,45.67,45.74,11425700,WMT
1137024000,47.68,47.89,47.28,47.37,2501900,TRV
1137024000,53.58,53.7,53.25,53.55,2995000,AXP
1137024000,55.75,55.92,55.12,55.46,4025300,UTX
1137024000,58.98,59,58.4,58.41,6612800,PG
1137024000,60,60.59,59.61,59.89,7535200,CVX
1137024000,60.5,61,59.6,59.64,21130500,XOM
1137024000,61.23,62.66,61.11,62.21,5322500,CAT
1137024000,61.9,62.91,61.74,62.53,5374100,UNH
1137024000,62.5,62.55,61.8,62.21,7262400,JNJ
1137024000,70.25,70.45,69.54,69.69,2347000,BA
1137024000,78.2,78.23,77.2,77.7,2121100,MMM
1137024000,83.82,83.96,83.4,83.57,4926500,IBM
1137110400,10.84,10.89,10.68,10.78,9612000,NKE
1137110400,12.14,12.29,12.09,12.23,194153393,AAPL
1137110400,132.02,133.66,131.9,133.26,2894900,GS
1137110400,19.13,19.33,18.89,18.92,52389265,CSCO
1137110400,20.69,20.78,20.52,20.66,10548400,KO
1137110400,232.39,233.68,231.04,233.36,7660220,GOOGL
1137110400,24.69,24.79,24.44,24.67,20972000,PFE
1137110400,25.61,25.74,25.5,25.7,8073600,DIS
1137110400,25.96,26.18,25.54,25.79,46311963,INTC
1137110400,27.03,27.25,27.01,27.19,41449046,MSFT
1137110400,32.28,32.33,31.85,32.18,20380200,VZ
1137110400,33.53,33.72,33.35,33.47,7044200,MRK
1137110400,34.65,34.74,34.35,34.47,4807700,MCD
1137110400,34.9,35.25,34.8,35.1,17221300,GE
1137110400,39.78,40.03,39.65,39.92,10961200,JPM
1137110400,41,41.08,39.62,39.9,30966185,AABA
1137110400,41.91,42.59,41.48,41.91,8372600,HD
1137110400,44.48,44.85,44,44.4,4432237,AMZN
1137110400,45.68,45.89,45.31,45.4,10260500,WMT
1137110400,47.38,47.45,47.05,47.25,1719600,TRV
1137110400,53.7,53.92,53.4,53.44,7639300,AXP
1137110400,55.55,55.95,55.55,55.66,2136600,UTX
1137110400,58.41,58.92,58.39,58.9,7146800,PG
1137110400,59.51,60.99,59.51,60.97,17075900,XOM
1137110400,59.89,60.62,59.75,60.36,5867900,CVX
1137110400,61.34,61.34,59.71,60.94,11005800,UNH
1137110400,61.9,62.29,61.42,61.82,7043600,JNJ
1137110400,62.02,62.49,61.87,62.33,1936700,CAT
1137110400,69.64,70.2,68.79,69.48,2963700,BA
1137110400,76.95,78.2,76.95,77.5,1925300,MMM
1137110400,83,83.45,82.5,83.17,6921700,IBM
1137456000,10.8,10.8,10.6,10.6,11075200,NKE
1137456000,12.24,12.34,11.98,12.1,209215265,AAPL
1137456000,131,133.13,130.59,132.59,3624600,GS
1137456000,18.7,18.78,18.47,18.68,53133127,CSCO
1137456000,20.54,20.64,20.45,20.52,11574000,KO
1137456000,231.76,235.18,231.5,233.79,8335300,GOOGL
1137456000,24.51,24.53,24.07,24.28,32153700,PFE
1137456000,25.59,25.75,25.32,25.52,89043324,INTC
1137456000,25.83,25.83,25.38,25.38,9326800,DIS
1137456000,26.9,27.19,26.9,26.99,58574807,MSFT
1137456000,31.92,32.07,31.35,31.48,18634600,VZ
1137456000,33.11,33.65,33.01,33.21,9875800,MRK
1137456000,34.72,35.16,34.52,34.59,5499200,MCD
1137456000,35.63,35.63,34.82,34.94,16069600,GE
1137456000,39.09,40.39,38.96,40.11,42429911,AABA
1137456000,39.48,39.82,39.41,39.71,9941400,JPM
1137456000,41.5,41.88,41.36,41.57,6372700,HD
1137456000,43.95,44.32,43.66,44,5635225,AMZN
1137456000,45.4,45.42,44.7,44.95,17118300,WMT
1137456000,47.1,47.22,46.33,46.43,2130800,TRV
1137456000,53.08,53.25,52.83,52.96,4915200,AXP
1137456000,55.85,56.48,55.82,55.98,3092600,UTX
1137456000,58.45,58.86,58.42,58.65,5299200,PG
1137456000,60.2,61,59.98,61,6333200,UNH
1137456000,60.9,61.9,60.72,61.86,8751800,CVX
1137456000,61.26,61.74,61.08,61.54,18193400,XOM
1137456000,61.31,62.07,61.1,61.28,9674000,JNJ
1137456000,61.69,63.15,61.65,62.96,3623300,CAT
1137456000,69.07,69.4,68.66,68.69,2712900,BA
1137456000,77.1,77.62,77,77.09,2073400,MMM
1137456000,82.8,83.16,82.54,83,8761700,IBM
1137542400,10.63,10.68,10.54,10.66,9202400,NKE
1137542400,11.87,12.01,11.69,11.78,303279501,AAPL
1137542400,131.06,132.68,131.01,131.85,4305400,GS
1137542400,18.4,18.85,18.37,18.73,69496410,CSCO
1137542400,20.5,20.5,20.3,20.44,12945200,KO
1137542400,22.87,23.06,22.36,22.6,282104769,INTC
1137542400,223.87,228.91,221.85,222.68,20511176,GOOGL
1137542400,24.19,24.23,23.85,24.09,33545600,PFE
1137542400,25.23,25.35,24.99,25.22,7939500,DIS
1137542400,26.74,26.98,26.7,26.83,52495587,MSFT
1137542400,31.34,31.38,31.01,31.19,15106600,VZ
1137542400,33.12,33.42,32.95,33.03,9117200,MRK
1137542400,34.58,35.44,34.41,34.66,10552500,MCD
1137542400,34.9,34.91,34.61,34.79,20206900,GE
1137542400,35.01,36.16,34.74,35.18,118670393,AABA
1137542400,39.11,39.71,38.95,39.35,17908500,JPM
1137542400,41.57,42.11,41.38,41.69,7079500,HD
1137542400,43.19,44.59,43.1,44.32,8744464,AMZN
1137542400,44.65,45.39,44.61,44.88,13217700,WMT
1137542400,46.44,46.9,46.06,46.53,1458600,TRV
1137542400,52.65,53.07,52.6,52.86,5606100,AXP
1137542400,56.15,56.53,55.39,55.99,2574400,UTX
1137542400,58.5,58.75,58.37,58.55,6699600,PG
1137542400,61,61.76,60.58,61.22,7132400,UNH
1137542400,61.72,61.75,60.12,61.09,16232700,XOM
1137542400,61.75,62.24,61.35,61.69,7563200,JNJ
1137542400,61.98,62,60.46,61.5,9085900,CVX
1137542400,62.36,62.72,61.7,62.33,3656100,CAT
1137542400,68.55,68.92,68.05,68.41,2659400,BA
1137542400,77,77.28,76.52,76.99,1838400,MMM
1137542400,84,84.7,83.52,84.46,11032800,IBM
1137628800,10.53,10.62,10.5,10.59,8888800,NKE
1137628800,11.61,11.67,11.25,11.29,424100026,AAPL
1137628800,132.72,134.82,132.71,133.82,5020700,GS
1137628800,18.85,19.12,18.82,19.02,54525205,CSCO
1137628800,20.47,20.57,20.3,20.46,10907600,KO
1137628800,22.8,22.87,22.39,22.4,196361139,INTC
1137628800,225.81,226.97,216.72,218.44,14539830,GOOGL
1137628800,24.91,25.12,24.63,24.97,57615600,PFE
1137628800,24.91,26.3,24.91,26.24,26537500,DIS
1137628800,26.87,27.24,26.85,27.02,60382450,MSFT
1137628800,31.55,31.62,31.13,31.42,16658200,VZ
1137628800,33.36,33.63,33.22,33.32,9303300,MRK
1137628800,34.9,34.9,34.5,34.68,29324700,GE
1137628800,35.3,35.37,35,35.2,9093800,MCD
1137628800,35.82,35.84,34.24,34.33,60918436,AABA
1137628800,39.34,39.47,38.8,39.06,12092300,JPM
1137628800,41.3,41.99,41.13,41.28,12264400,HD
1137628800,44.5,45.24,44.3,44.45,5156990,AMZN
1137628800,45.18,45.89,45.06,45.8,18141900,WMT
1137628800,46.4,46.9,45.55,45.94,3854700,TRV
1137628800,53.06,53.1,52.48,52.59,4638700,AXP
1137628800,55.65,56.31,55.28,55.98,2620600,UTX
1137628800,58,58.88,58,58.51,8067300,PG
1137628800,60.4,61.75,60.21,61.6,7878900,CVX
1137628800,60.68,61.7,60.42,61.5,18863000,XOM
1137628800,61.31,62.1,59.29,61.47,13390900,UNH
1137628800,62.05,63,61.9,62.51,2375600,CAT
1137628800,62.3,62.62,61.7,62.17,7494800,JNJ
1137628800,68.16,68.49,67.72,68.17,2642700,BA
1137628800,77.19,77.37,76.7,76.91,1807100,MMM
1137628800,84.14,84.39,83.02,83.09,6484000,IBM
1137715200,10.64,10.7,10.48,10.52,16132000,NKE
1137715200,11.33,11.43,10.83,10.87,284634847,AAPL
1137715200,132.85,134.06,131.25,131.44,5680100,GS
1137715200,18.91,18.93,18.24,18.51,77920352,CSCO
1137715200,20.42,20.44,19.68,20.04,18972400,KO
1137715200,219.57,220.24,197.57,199.93,41182889,GOOGL
1137715200,22.44,22.47,21.75,21.76,155494771,INTC
1137715200,24.97,25.07,24.62,24.71,51669200,PFE
1137715200,26.1,26.5,25.6,25.72,18981000,DIS
1137715200,27.01,27.01,26.26,26.41,79228490,MSFT
1137715200,31.5,31.5,30.84,30.94,13577500,VZ
1137715200,33.32,33.43,33.01,33.25,10102400,MRK
1137715200,34.3,34.5,33.22,33.37,88194300,GE
1137715200,34.44,34.66,33.21,33.74,57681688,AABA
1137715200,35.2,35.91,35.09,35.86,11437300,MCD
1137715200,38.81,38.82,37.88,38.05,20907200,JPM
1137715200,41.16,41.27,40.12,40.17,15041700,HD
1137715200,44.23,44.36,43.2,43.92,8344332,AMZN
1137715200,45.64,45.7,44.81,45,19354600,WMT
1137715200,46,46.11,44.88,45.01,5071600,TRV
1137715200,52.59,52.59,51.28,51.4,11886200,AXP
1137715200,55.98,56.06,54.7,55.01,4392700,UTX
1137715200,58.51,58.56,57.79,57.84,10493200,PG
1137715200,61.24,62.3,60.73,60.8,11024900,JNJ
1137715200,61.4,61.4,59.39,59.48,10091900,UNH
1137715200,61.81,62.06,60.35,60.53,25995600,XOM
1137715200,62,62.43,60.75,61.12,11192100,CVX
1137715200,62.51,62.51,60.48,60.78,4441300,CAT
1137715200,68.1,68.16,66.49,66.5,6436700,BA
1137715200,76.91,76.91,75.18,75.24,3286900,MMM
1137715200,83.04,83.05,81.25,81.36,8614500,IBM
1137974400,10.45,10.5,10.18,10.43,38273600,NKE
1137974400,10.87,11.37,10.86,11.1,264942587,AAPL
1137974400,131.64,134.18,131.64,132.87,3849400,GS
1137974400,18.54,18.56,18.13,18.16,54554500,CSCO
1137974400,20,20.33,20,20.25,13234200,KO
1137974400,203.89,214.41,203.07,213.96,22768073,GOOGL
1137974400,21.92,21.93,21.1,21.35,155149599,INTC
1137974400,24.8,24.99,24.75,24.89,28819100,PFE
1137974400,25.75,25.8,25.25,25.52,11311500,DIS
1137974400,26.41,26.53,26.3,26.35,47971611,MSFT
1137974400,31.05,31.2,30.85,31,10590800,VZ
1137974400,33.14,33.21,32.76,32.83,7718800,MRK
1137974400,33.53,33.67,33.26,33.29,38814400,GE
1137974400,34.22,34.4,33.98,34.17,30894265,AABA
1137974400,35.86,36.09,35.27,35.71,6994800,MCD
1137974400,38.14,38.7,37.97,38.27,13172400,JPM
1137974400,40.4,40.58,39.65,39.69,9305100,HD
1137974400,44.18,44.75,43.5,43.73,5752811,AMZN
1137974400,45,45.47,44.54,45.25,15824700,WMT
1137974400,45.15,45.71,45.1,45.54,2488800,TRV
1137974400,51.5,52.35,51.38,51.44,10460600,AXP
1137974400,55.01,55.08,54.2,54.47,3238400,UTX
1137974400,57.84,58.26,57.64,57.64,9437800,PG
1137974400,59.51,59.83,57.72,57.99,9611600,UNH
1137974400,60.53,61.64,60.12,61.2,19545900,XOM
1137974400,60.75,61.24,60.61,61.19,7217400,JNJ
1137974400,60.75,61.44,60.26,61.04,2710500,CAT
1137974400,61.09,62.38,60.52,62.21,8962800,CVX
1137974400,65.9,67.34,65.9,67.02,4067400,BA
1137974400,75.5,76.23,74.81,75.7,2953500,MMM
1137974400,81.33,81.92,80.92,81.41,6114100,IBM
1138060800,10.54,10.56,10.39,10.5,16800000,NKE
1138060800,11.25,11.35,10.82,10.86,285661873,AAPL
1138060800,132.63,134.09,132.34,133,3758000,GS
1138060800,18.17,18.47,18.15,18.33,50575291,CSCO
1138060800,20.6,20.6,20.4,20.4,15888400,KO
1138060800,21.53,21.59,21.24,21.28,107260809,INTC
1138060800,218.23,222.7,217.46,221.74,15468453,GOOGL
1138060800,25,25.03,24.5,24.59,29394200,PFE
1138060800,25.6,26.13,25.6,25.99,22929000,DIS
1138060800,26.34,26.45,26.22,26.28,63061743,MSFT
1138060800,31.18,31.4,30.87,30.89,12571300,VZ
1138060800,32.73,33.01,32.61,32.78,7707400,MRK
1138060800,33.55,33.55,32.91,32.96,46481000,GE
1138060800,34.55,35.2,34.51,34.87,31686324,AABA
1138060800,35.94,36.31,35.67,35.85,9685600,MCD
1138060800,38.27,38.53,38.09,38.11,9781500,JPM
1138060800,39.99,40.45,39.72,40.45,10890900,HD
1138060800,43.66,44.43,43.42,44.02,4342401,AMZN
1138060800,44.73,45.9,44.73,45.32,2910100,TRV
1138060800,45.55,45.91,45.5,45.72,18189800,WMT
1138060800,51.9,52.97,51.81,52.82,8565200,AXP
1138060800,55.76,56.73,55.15,56.45,6805800,UTX
1138060800,58,58.16,57.29,57.87,8163500,PG
1138060800,58.05,58.7,58.05,58.31,8251000,UNH
1138060800,60.19,61.24,59.36,59.36,19957500,JNJ
1138060800,60.79,61.86,60.75,61.35,3291600,CAT
1138060800,60.9,61.53,60.75,60.96,18075000,XOM
1138060800,62.05,62.72,61.8,62.05,8400100,CVX
1138060800,67.41,67.88,67.13,67.66,3581900,BA
1138060800,74.01,75.6,73.72,74.2,5511200,MMM
1138060800,81.39,82.15,80.8,80.85,6069000,IBM
1138147200,10.51,10.57,10.49,10.53,10268800,NKE
1138147200,11.06,11.07,10.46,10.6,319019939,AAPL
1138147200,133.65,134.04,132.46,133.56,3740500,GS
1138147200,18.35,18.61,18.26,18.57,51621583,CSCO
1138147200,20.57,20.6,20.45,20.57,13699000,KO
1138147200,21.4,21.42,21.1,21.21,110327101,INTC
1138147200,225.86,227.34,214.82,216.72,18746567,GOOGL
1138147200,24.72,24.87,24.29,24.83,26369500,PFE
1138147200,26.19,26.2,25.35,25.44,33056200,DIS
1138147200,26.41,26.57,26.23,26.4,59072711,MSFT
1138147200,31,31.48,31,31.38,12102300,VZ
1138147200,32.7,33.24,32.55,33.19,7950700,MRK
1138147200,33.15,33.2,32.65,32.76,51389200,GE
1138147200,35.43,35.48,34.38,34.49,23786001,AABA
1138147200,36,36.14,34.55,35.16,21016500,MCD
1138147200,38.16,38.68,38.06,38.48,14248700,JPM
1138147200,40.42,40.66,39.79,39.98,8096700,HD
1138147200,44.05,44.47,43.34,43.6,4287595,AMZN
1138147200,45.25,45.26,44.5,44.71,2876300,TRV
1138147200,45.7,46.17,45.66,45.97,18986800,WMT
1138147200,52.5,53.25,52.5,52.9,7591100,AXP
1138147200,56.45,57,56.43,57,6485500,UTX
1138147200,58.1,58.47,57.83,58.47,8932300,PG
1138147200,58.73,58.88,57.45,57.98,6530200,UNH
1138147200,61,61,58.04,58.5,25369100,JNJ
1138147200,61.34,61.65,59.55,60.21,24510200,XOM
1138147200,61.5,63.25,61.11,62.07,4772400,CAT
1138147200,62.3,62.55,60.53,61.26,12447100,CVX
1138147200,67.71,67.91,66.91,66.91,3722700,BA
1138147200,73.25,73.83,72.75,73,7475200,MMM
1138147200,81.05,81.62,80.61,80.91,6374300,IBM
1138233600,10.64,10.64,10.47,10.5,15965600,NKE
1138233600,10.65,10.78,10.28,10.33,295599087,AAPL
1138233600,133.01,138.36,133.01,137.4,4808300,GS
1138233600,18.57,18.69,18.25,18.58,64902693,CSCO
1138233600,20.64,20.79,20.58,20.74,14573200,KO
1138233600,21.4,21.75,21.27,21.49,101993203,INTC
1138233600,219.99,220.22,211.99,217.35,12931382,GOOGL
1138233600,24.95,25.34,24.79,25.05,41260900,PFE
1138233600,25.5,25.58,24.9,25.08,32512800,DIS
1138233600,26.56,26.72,26.31,26.5,69531321,MSFT
1138233600,31.76,31.88,31.24,31.68,14539200,VZ
1138233600,32.93,33.07,32.74,33.02,48855800,GE
1138233600,33.34,34.05,33.32,33.95,11073900,MRK
1138233600,34.94,35.25,34.49,35.17,28480917,AABA
1138233600,35.5,35.7,34.75,34.94,12358300,MCD
1138233600,38.71,39.81,38.71,39.59,16187900,JPM
1138233600,40.1,40.56,40.04,40.4,7279800,HD
1138233600,43.95,44.78,43.79,44.68,4890969,AMZN
1138233600,45.45,46.59,45.43,46.2,4758200,TRV
1138233600,46.21,46.51,45.83,46.32,16798600,WMT
1138233600,53.15,53.48,52.95,53.32,5302200,AXP
1138233600,57.47,57.55,56.48,57.52,6675600,UTX
1138233600,57.99,58.52,57.12,57.89,9954400,UNH
1138233600,58.75,59,58.59,58.82,7007000,PG
1138233600,58.75,59.5,58.56,58.64,15946100,JNJ
1138233600,60.79,61.02,59.57,59.95,24562800,XOM
1138233600,61.5,61.5,60.11,60.22,14424900,CVX
1138233600,63.3,65.44,62.3,65.17,10318100,CAT
1138233600,67.44,68.75,67.32,68.72,4768400,BA
1138233600,73.22,73.43,72.02,72.7,5027500,MMM
1138233600,81.5,81.65,80.59,80.72,7810200,IBM
1138320000,10.42,10.51,10.16,10.29,238597205,AAPL
1138320000,10.53,10.58,10.38,10.39,17025600,NKE
1138320000,137.93,139.75,137.1,138.94,3687900,GS
1138320000,18.58,18.95,18.56,18.78,48721418,CSCO
1138320000,20.74,21,20.61,20.98,13646400,KO
1138320000,21.75,21.9,21.55,21.67,75189388,INTC
1138320000,217.72,219.33,214.7,216.96,8459747,GOOGL
1138320000,25.16,25.28,24.99,25.08,11728900,DIS
1138320000,25.45,26.08,25.35,25.99,61031700,PFE
1138320000,27.23,27.95,27.19,27.79,134525193,MSFT
1138320000,31.85,32.15,31.56,32.14,15859700,VZ
1138320000,32.95,33.02,32.75,32.95,43319000,GE
1138320000,33.8,34.85,33.71,34.7,10444500,MRK
1138320000,34.94,35.24,34.92,35.05,7355400,MCD
1138320000,35.26,35.27,34.66,35.09,24325960,AABA
1138320000,39.25,40.04,39.17,39.75,12929400,JPM
1138320000,40.22,40.72,39.77,40,8192700,HD
1138320000,44.55,45.22,44.53,45.22,4174089,AMZN
1138320000,45.99,46.52,44.88,45.84,13386000,WMT
1138320000,46,47.1,45.95,46.54,3494100,TRV
1138320000,53.22,53.49,53.05,53.3,6928900,AXP
1138320000,58.24,58.78,58.01,58.54,6419500,UNH
1138320000,58.24,59.34,57.6,58.75,6284200,UTX
1138320000,58.95,59.21,58.35,58.71,11596400,JNJ
1138320000,59.4,59.8,59.05,59.74,11747900,PG
1138320000,60.1,60.76,59.8,60.38,16687800,CVX
1138320000,60.36,61.53,60.31,61.29,21407600,XOM
1138320000,65.9,68.37,65.15,67.53,7588000,CAT
1138320000,68.39,69.25,67.99,68.56,3954700,BA
1138320000,72.45,73.25,72.4,72.65,3813100,MMM
1138320000,80.75,81.77,80.75,81.02,6103400,IBM
1138579200,10.17,10.94,10.12,10.71,349600251,AAPL
1138579200,10.33,10.35,10.08,10.22,78979200,NKE
1138579200,139.55,140.64,138.71,139.87,3167900,GS
1138579200,18.69,18.95,18.67,18.89,43844262,CSCO
1138579200,20.92,20.98,20.77,20.88,12143400,KO
1138579200,21.83,21.93,21.59,21.65,60422489,INTC
1138579200,214.83,216.86,212.71,213.62,8596167,GOOGL
1138579200,25.22,25.58,25.18,25.46,20554000,DIS
1138579200,26.15,26.34,25.76,25.94,32832700,PFE
1138579200,27.82,28.18,27.78,28,103999604,MSFT
1138579200,32.25,32.27,31.79,31.9,11254400,VZ
1138579200,32.9,33.09,32.7,32.93,35387500,GE
1138579200,34.41,34.65,34.06,34.46,9371500,MRK
1138579200,34.9,35.07,34.83,35.02,8004200,MCD
1138579200,35.06,35.23,34.88,35.05,29030615,AABA
1138579200,39.52,39.97,39.42,39.85,8701700,JPM
1138579200,39.72,40.29,39.72,40,5657800,HD
1138579200,45.41,45.97,44.74,44.96,4099826,AMZN
1138579200,46.4,46.95,46.21,46.41,15269600,WMT
1138579200,46.89,46.89,46.16,46.25,2702700,TRV
1138579200,53.15,53.22,52.52,52.68,6335800,AXP
1138579200,58.4,58.7,57.65,57.77,6739700,UNH
1138579200,58.54,58.8,57.86,58.36,4657500,UTX
1138579200,58.71,58.75,58.04,58.4,11877600,JNJ
1138579200,59.13,59.7,58.95,59.14,7909700,PG
1138579200,60.85,60.85,59.81,60.75,12625000,CVX
1138579200,62.88,63.96,62.79,63.11,29444900,XOM
1138579200,66.53,68.12,66.32,67.01,5077400,CAT
1138579200,68.52,69.05,68.2,69.03,2048100,BA
1138579200,72.9,73.34,72.42,72.65,3463600,MMM
1138579200,80.21,81.81,80.21,81.63,5325100,IBM
1138665600,10.22,10.26,10.11,10.12,20348000,NKE
1138665600,10.79,10.91,10.54,10.79,228385745,AAPL
1138665600,139.73,141.86,138.45,141.25,4908100,GS
1138665600,18.7,18.74,18.32,18.57,64726297,CSCO
1138665600,20.87,20.87,20.6,20.69,13115000,KO
1138665600,21.69,21.71,21.25,21.26,79350790,INTC
1138665600,215.5,220.02,212.2,216.55,22449604,GOOGL
1138665600,25.5,25.51,25.23,25.31,15992000,DIS
1138665600,26.02,26.07,25.51,25.68,31365100,PFE
1138665600,27.91,28.38,27.87,28.15,94844406,MSFT
1138665600,31.91,31.96,31.63,31.66,12090900,VZ
1138665600,32.9,32.98,32.63,32.75,39702000,GE
1138665600,34.87,34.88,34.39,34.5,14794700,MRK
1138665600,35.04,35.25,34.9,35.01,6988200,MCD
1138665600,35.2,35.2,34.31,34.38,36538014,AABA
1138665600,40,40.86,39.82,40.55,10812200,HD
1138665600,40.03,40.19,39.74,39.75,15582500,JPM
1138665600,44.76,45.21,44.25,44.82,4056024,AMZN
1138665600,45.95,46.06,45.24,45.38,3383600,TRV
1138665600,46.44,46.53,46.03,46.11,12926900,WMT
1138665600,52.51,52.91,52.25,52.45,5701300,AXP
1138665600,58,58.98,57.98,58.37,3981300,UTX
1138665600,58.15,58.34,57.45,57.54,20564100,JNJ
1138665600,58.17,59.95,58.01,59.42,10655300,UNH
1138665600,58.95,59.35,58.89,59.23,10347600,PG
1138665600,60.41,60.6,59.27,59.38,15267900,CVX
1138665600,62.75,63.45,62.3,62.75,24269200,XOM
1138665600,67,68.17,66.64,67.9,5674400,CAT
1138665600,69,69.05,68.31,68.31,4095000,BA
1138665600,72.4,73.25,71.96,72.75,5317900,MMM
1138665600,81.5,82,81.17,81.3,6771600,IBM
1138752000,10.16,10.52,10.15,10.39,35525600,NKE
1138752000,10.71,10.92,10.66,10.77,130335751,AAPL
1138752000,141.4,142.95,140.43,141.71,3640600,GS
1138752000,18.4,18.62,18.35,18.58,53735450,CSCO
1138752000,194.71,201.2,193.95,201.09,27132792,GOOGL
1138752000,20.6,20.77,20.52,20.75,12963400,KO
1138752000,21.24,21.59,21.23,21.55,71661338,INTC
1138752000,25.15,25.34,25.15,25.27,11972900,DIS
1138752000,25.75,26.12,25.68,26.05,28377800,PFE
1138752000,27.96,28.07,27.76,28.04,68437410,MSFT
1138752000,31.68,31.84,31.31,31.8,15500600,VZ
1138752000,32.66,33.19,32.64,33.14,38067400,GE
1138752000,34.27,34.74,34.2,34.66,8207200,MRK
1138752000,34.45,35,34.35,35,43601750,AABA
1138752000,35.01,35.71,34.99,35.67,7184900,MCD
1138752000,39.88,40.22,39.67,39.88,11429800,JPM
1138752000,40.45,40.58,39.91,40.23,6937400,HD
1138752000,43.92,44.69,43.5,43.98,7501585,AMZN
1138752000,45.36,46.08,45.3,45.61,3103300,TRV
1138752000,46.05,46.38,45.57,46.14,15189400,WMT
1138752000,52.45,52.82,52.32,52.62,3847400,AXP
1138752000,57.67,58.42,57.65,57.86,13401700,JNJ
1138752000,58.12,58.84,57.6,58,4622900,UTX
1138752000,59.1,60.02,59.06,59.82,10829900,PG
1138752000,59.3,59.75,59.05,59.5,7522900,UNH
1138752000,59.38,59.8,58.6,58.7,11126600,CVX
1138752000,62.77,63.08,61.91,61.95,20581800,XOM
1138752000,68.1,69.34,67.9,69.24,4826100,CAT
1138752000,70,72.17,70,71.62,11806100,BA
1138752000,72.3,73.4,72.01,73.19,3828100,MMM
1138752000,80.9,82.24,80.65,81.94,5417100,IBM
1138838400,10.4,10.49,10.38,10.42,20464800,NKE
1138838400,10.73,10.77,10.29,10.3,176898442,AAPL
1138838400,142.27,143.77,141.4,142.52,3711000,GS
1138838400,18.46,18.75,18.3,18.37,40285246,CSCO
1138838400,20.66,20.76,20.49,20.62,12468400,KO
1138838400,202.11,203.45,198.19,198.22,11810931,GOOGL
1138838400,21.56,21.68,21.18,21.2,87510771,INTC
1138838400,25.15,25.17,25,25.1,10637100,DIS
1138838400,26.1,26.13,25.55,25.78,24681700,PFE
1138838400,27.97,27.99,27.55,27.68,55078684,MSFT
1138838400,31.8,31.86,31.39,31.54,10022000,VZ
1138838400,33.07,33.29,32.88,32.9,30469400,GE
1138838400,34.55,34.73,33.7,33.82,10456300,MRK
1138838400,35.01,35.1,34.1,34.25,18325852,AABA
1138838400,35.33,35.81,35.17,35.45,5409500,MCD
1138838400,39.88,40.16,39.59,39.99,10309100,JPM
1138838400,39.96,40.24,39.81,39.96,7343300,HD
1138838400,43.84,44.04,39.8,42.74,23739052,AMZN
1138838400,45.4,45.46,44.12,45.3,4602700,TRV
1138838400,46.3,46.48,45.47,46.28,18513100,WMT
1138838400,52.6,52.86,52.32,52.56,5521200,AXP
1138838400,58.2,58.4,57.63,57.75,3668600,UTX
1138838400,58.35,58.38,57.59,57.65,10014600,JNJ
1138838400,58.71,59.05,57.75,58.51,9142700,CVX
1138838400,59.73,59.74,58.75,59.36,6235200,UNH
1138838400,59.74,60.15,59.64,59.65,9759100,PG
1138838400,61.9,62.29,61.21,61.95,21403400,XOM
1138838400,68.75,69.1,67.99,68.39,4605500,CAT
1138838400,71.35,72.3,71.3,71.7,6603100,BA
1138838400,73.16,73.68,72.05,72.15,3207100,MMM
1138838400,81.45,81.59,80.9,81.23,6198000,IBM
1138924800,10.32,10.4,10.15,10.26,173040616,AAPL
1138924800,10.36,10.48,10.34,10.46,15826400,NKE
1138924800,141.55,143.12,140.7,142.74,4213900,GS
1138924800,18.29,18.33,17.95,18.15,71697239,CSCO
1138924800,197.01,197.15,186.47,190.97,18286547,GOOGL
1138924800,20.51,20.62,20.26,20.44,12538000,KO
1138924800,21.14,21.17,20.73,20.74,101422619,INTC
1138924800,24.98,25.11,24.9,25.01,12023300,DIS
1138924800,25.78,25.78,25.27,25.28,27503200,PFE
1138924800,27.48,27.7,27.34,27.54,75023515,MSFT
1138924800,31.35,31.72,31.25,31.61,11965600,VZ
1138924800,32.8,33.14,32.77,32.85,25828100,GE
1138924800,34,34.05,33.26,33.54,32640102,AABA
1138924800,34.5,34.64,33.82,34.39,9983100,MRK
1138924800,35.45,36.08,35.44,35.97,6853000,MCD
1138924800,37.7,38.5,37.37,38.33,33532893,AMZN
1138924800,39.45,40.1,39.4,39.53,10440700,JPM
1138924800,39.85,39.96,39.4,39.82,7560400,HD
1138924800,44.9,45.5,44.74,44.79,2267200,TRV
1138924800,45.99,46.21,45.44,45.49,11329700,WMT
1138924800,52.57,52.88,52.28,52.33,4008900,AXP
1138924800,57.26,57.5,57.02,57.38,11020300,JNJ
1138924800,57.76,57.98,57,57.18,4889200,UTX
1138924800,58.12,58.69,57.37,57.5,11274800,CVX
1138924800,59.36,59.89,59.09,59.62,5392600,UNH
1138924800,59.39,60.05,59.32,59.68,7816700,PG
1138924800,61.65,61.82,61.03,61.39,18829100,XOM
1138924800,68.2,68.97,67.75,68.13,3529800,CAT
1138924800,71.7,72.09,70.86,70.87,3786900,BA
1138924800,71.75,72.09,71,71.1,3258300,MMM
1138924800,80.55,80.77,79.72,79.97,9852700,IBM
1139184000,10.29,10.36,9.53,9.61,413058506,AAPL
1139184000,10.68,10.72,10.5,10.52,19246400,NKE
1139184000,142.61,144.1,141.6,142.82,3849300,GS
1139184000,18.03,18.1,17.83,17.83,51813504,CSCO
1139184000,192.85,195.14,189.97,192.74,8948485,GOOGL
1139184000,20.42,20.5,20.32,20.47,13500600,KO
1139184000,20.85,20.85,20.5,20.61,66862028,INTC
1139184000,25.2,25.35,24.96,24.96,12377100,DIS
1139184000,25.21,25.32,24.95,25.09,21774400,PFE
1139184000,27.51,27.54,27.09,27.17,60175657,MSFT
1139184000,31.71,31.8,31.5,31.55,8868000,VZ
1139184000,32.85,32.89,32.65,32.75,23163900,GE
1139184000,33.9,33.95,32.78,32.92,23527156,AABA
1139184000,34.24,34.29,33.74,33.83,6068700,MRK
1139184000,36,36.44,35.9,36.13,7163500,MCD
1139184000,38.34,38.34,37.77,37.95,8503296,AMZN
1139184000,39.4,39.6,39.31,39.44,6591900,JPM
1139184000,39.77,40.02,39.28,39.49,7603800,HD
1139184000,44.63,44.78,43.75,44.13,2959700,TRV
1139184000,45.44,45.51,45.05,45.08,12185300,WMT
1139184000,52.22,52.4,51.8,52.22,2948400,AXP
1139184000,57.35,57.36,56.86,57.09,3623100,UTX
1139184000,57.5,57.56,56.65,56.85,10619500,JNJ
1139184000,58,59.42,58,58.84,9909400,CVX
1139184000,59.34,59.6,58.25,58.54,4891700,UNH
1139184000,59.58,59.9,59.1,59.79,4998800,PG
1139184000,61.7,62.61,61.65,61.97,18763400,XOM
1139184000,68.5,68.82,68,68.7,3745900,CAT
1139184000,70.65,71.64,70.3,71.14,3163000,BA
1139184000,71,71.3,70.99,71.17,2551500,MMM
1139184000,79.94,79.95,78.93,79.51,9568600,IBM
1139270400,10.54,10.59,10.4,10.43,10368800,NKE
1139270400,142.35,143.31,139.48,139.48,5208000,GS
1139270400,17.84,18.2,17.82,18.09,79062409,CSCO
1139270400,191.69,192.04,181.85,184.14,16640139,GOOGL
1139270400,20.62,20.94,20.52,20.67,95326012,INTC
1139270400,20.7,20.74,20.3,20.52,20575400,KO
1139270400,25.05,25.7,25.04,25.18,28753100,PFE
1139270400,25.57,26.88,25.5,26.7,48028600,DIS
1139270400,26.95,27.15,26.81,26.94,72188789,MSFT
1139270400,31.61,31.75,31.35,31.5,7631500,VZ
1139270400,32.66,32.73,32.21,32.31,36799700,GE
1139270400,33.01,33.1,32.32,33.02,37249236,AABA
1139270400,33.7,34.4,33.56,33.69,6698900,MRK
1139270400,36.3,36.51,36.06,36.19,4869300,MCD
1139270400,38.08,38.2,37.2,37.52,7404668,AMZN
1139270400,39.2,39.6,39.05,39.26,8592600,JPM
1139270400,39.34,39.44,38.5,38.73,11151500,HD
1139270400,43.93,44.34,43.76,43.77,2124700,TRV
1139270400,45,45.47,44.68,44.74,16191300,WMT
1139270400,52.1,52.45,52.02,52.07,3506400,AXP
1139270400,57,57.33,56.7,56.8,10340700,JNJ
1139270400,57.21,57.22,56.75,56.89,3313600,UTX
1139270400,58.5,59.08,57.7,57.73,5175800,UNH
1139270400,58.54,58.54,57.6,57.74,9928400,CVX
1139270400,59.47,59.81,59.11,59.32,6405700,PG
1139270400,61.59,61.85,60.4,60.55,21137800,XOM
1139270400,68.3,68.34,66.93,67.16,4909100,CAT
1139270400,71.16,71.29,70.57,70.65,3133200,MMM
1139270400,71.3,72.05,71.16,71.55,4247000,BA
1139270400,79.5,80.19,79.3,79.85,5253600,IBM
1139270400,9.75,9.93,9.53,9.66,347308367,AAPL
1139356800,10.46,10.62,10.44,10.55,18636800,NKE
1139356800,140.1,141.93,139.32,141.14,4481400,GS
1139356800,184.42,185.53,177.51,184.72,20818364,GOOGL
1139356800,19.27,19.5,19.11,19.4,200897311,CSCO
1139356800,20.63,20.64,20.34,20.62,18186000,KO
1139356800,20.78,20.84,20.54,20.67,77626359,INTC
1139356800,25.65,26.4,25.6,26.37,62030800,PFE
1139356800,26.66,27.04,26.6,26.9,25301000,DIS
1139356800,27.01,27.08,26.71,26.91,51796468,MSFT
1139356800,31.73,32.63,31.61,32.59,20371000,VZ
1139356800,32.31,32.79,32.23,32.74,26757200,GE
1139356800,33.24,33.4,32.51,33,28115179,AABA
1139356800,33.9,34.48,33.64,34.29,9172500,MRK
1139356800,36.6,36.75,36.26,36.36,6444300,MCD
1139356800,37.7,38.39,37.11,38.17,7544646,AMZN
1139356800,39,39.36,38.86,39.27,7242800,HD
1139356800,39.28,39.62,39.25,39.6,10065400,JPM
1139356800,43.75,43.8,43.27,43.68,2293800,TRV
1139356800,44.78,45.51,44.52,45.4,12347600,WMT
1139356800,51.97,52.86,51.65,52.73,5284600,AXP
1139356800,56.79,57.01,56.51,56.72,2780900,UTX
1139356800,57.05,58.74,56.93,58.6,14627600,JNJ
1139356800,57.52,58.08,55.25,57.59,7320600,UNH
1139356800,57.74,58.18,56.8,57.89,9928100,CVX
1139356800,59.4,59.8,59.23,59.47,7338000,PG
1139356800,60,60.64,59.68,60.39,21988500,XOM
1139356800,67.75,68.89,67.36,68.81,3569100,CAT
1139356800,70.65,71.28,70.3,71,2846100,MMM
1139356800,71.25,71.93,71,71.76,2891100,BA
1139356800,80.58,80.9,80.24,80.8,5030500,IBM
1139356800,9.78,9.87,9.43,9.83,238316400,AAPL
1139443200,10.48,10.56,10.45,10.49,9232800,NKE
1139443200,141.14,142.85,140.49,140.85,3059500,GS
1139443200,185.79,187.39,178.23,179.56,11913420,GOOGL
1139443200,19.52,19.98,19.47,19.55,119727309,CSCO
1139443200,20.56,20.71,20.45,20.5,15045200,KO
1139443200,20.77,21.25,20.72,21,81808399,INTC
1139443200,26.37,26.84,26.24,26.34,46327300,PFE
1139443200,26.86,26.86,26.57,26.72,13862500,DIS
1139443200,26.96,27.03,26.65,26.66,52861644,MSFT
1139443200,32.62,32.79,32.38,32.66,14525700,VZ
1139443200,32.78,33.04,32.76,32.92,26324200,GE
1139443200,33.01,33.36,32.4,32.5,25341881,AABA
1139443200,34.48,34.7,34.3,34.34,8485100,MRK
1139443200,36.31,36.49,36.22,36.3,4889600,MCD
1139443200,38.61,39,37.93,37.99,6932766,AMZN
1139443200,39.22,39.5,38.95,39.05,6989600,HD
1139443200,39.53,40.03,39.44,39.77,8496300,JPM
1139443200,43.59,44.08,43.15,43.46,2778200,TRV
1139443200,45.48,45.97,45.33,45.7,13131800,WMT
1139443200,52.95,53.74,52.77,53.04,4959000,AXP
1139443200,56.84,57.09,56.2,56.71,2973100,UTX
1139443200,58.12,58.97,56.73,56.9,11168100,CVX
1139443200,58.5,59.19,58.04,58.08,5747900,UNH
1139443200,59.15,59.71,58.3,58.55,12131500,JNJ
1139443200,59.46,59.85,59.32,59.62,6242200,PG
1139443200,60.55,61.39,59.74,59.92,22554900,XOM
1139443200,69,69.75,68.23,68.45,4017700,CAT
1139443200,71.36,72.88,71.25,72.12,3798100,MMM
1139443200,71.77,72.76,71.37,72.01,4149200,BA
1139443200,80.4,80.8,79.5,80.4,7609200,IBM
1139443200,9.87,9.89,9.22,9.28,287548464,AAPL
1139529600,10.59,10.59,10.38,10.56,10339200,NKE
1139529600,140.67,141.85,137.8,140.81,4433100,GS
1139529600,181.16,182.43,176.75,181.49,15223458,GOOGL
1139529600,19.61,19.88,19.6,19.76,73782485,CSCO
1139529600,20.46,20.71,20.36,20.58,12782000,KO
1139529600,21.02,21.34,20.81,21.29,83023221,INTC
1139529600,26,26.08,25.35,25.68,57863000,PFE
1139529600,26.61,26.76,26.47,26.68,10225600,DIS
1139529600,26.62,26.89,26.51,26.69,52127000,MSFT
1139529600,32.58,32.6,32.1,32.51,19628507,AABA
1139529600,32.74,33.18,32.55,33.18,13706300,VZ
1139529600,32.92,33.37,32.87,33.28,26560500,GE
1139529600,33.7,34.4,33.66,34.31,7224200,MRK
1139529600,36.27,36.46,36.11,36.33,5741200,MCD
1139529600,37.98,38.52,37.37,38.52,5011791,AMZN
1139529600,38.95,39.32,38.7,39.22,6237300,HD
1139529600,39.62,39.98,39.29,39.92,8790500,JPM
1139529600,43.46,43.82,43.36,43.63,1437700,TRV
1139529600,45.6,45.95,45.31,45.75,8037800,WMT
1139529600,53.14,53.44,52.72,53,3741400,AXP
1139529600,56.93,57.46,56.47,57.13,2918800,UTX
1139529600,57.32,58.39,56,56.61,12130600,CVX
1139529600,58.15,58.78,57.4,58.6,4224000,UNH
1139529600,58.7,58.76,58.24,58.39,8158200,JNJ
1139529600,59.63,59.79,59.46,59.7,5804900,PG
1139529600,60.05,60.93,58.6,59.43,26186400,XOM
1139529600,68.15,68.87,67.78,68.75,3167900,CAT
1139529600,72.1,72.7,72.03,72.53,2813100,BA
1139529600,72.29,72.99,71.5,72.61,2932400,MMM
1139529600,80.4,81.46,80.2,81.33,5371900,IBM
1139529600,9.31,9.67,8.99,9.62,440118924,AAPL
1139788800,10.52,10.54,10.4,10.54,9512800,NKE
1139788800,139.65,141.8,139.15,139.65,2155200,GS
1139788800,173.49,175.48,171.12,173.02,19724806,GOOGL
1139788800,19.62,19.85,19.32,19.55,58623290,CSCO
1139788800,20.69,20.69,20.32,20.37,11791600,KO
1139788800,21.18,21.44,21.07,21.13,65892019,INTC
1139788800,25.4,25.66,25.19,25.58,24917300,PFE
1139788800,26.63,26.7,26.34,26.39,46710435,MSFT
1139788800,26.68,26.76,26.25,26.41,9627500,DIS
1139788800,32.21,32.44,31.7,32.04,26141351,AABA
1139788800,32.98,33.18,32.9,32.94,9949000,VZ
1139788800,33.2,33.46,33.08,33.25,20007900,GE
1139788800,34.32,34.69,34.13,34.31,5723100,MRK
1139788800,36.41,36.59,36.16,36.36,3421100,MCD
1139788800,38.25,38.42,37.53,37.86,4750381,AMZN
1139788800,39.02,39.93,39.02,39.7,6469300,HD
1139788800,39.77,40.31,39.61,39.77,7791600,JPM
1139788800,43.53,43.83,43.15,43.28,2278600,TRV
1139788800,45.47,45.82,45.47,45.51,7161400,WMT
1139788800,53,53.49,52.94,53.02,3812100,AXP
1139788800,56.63,58.24,56.35,56.62,8094100,CVX
1139788800,57.15,57.46,56.89,57.34,2523400,UTX
1139788800,58.38,58.64,58.04,58.5,5015500,JNJ
1139788800,58.5,58.78,58.17,58.59,3357500,UNH
1139788800,59.43,60.35,59.11,59.6,16837100,XOM
1139788800,59.58,59.67,59.27,59.44,5198600,PG
1139788800,68.3,69.06,67.88,68.62,2838400,CAT
1139788800,71.95,72.64,71.82,72.11,3294600,BA
1139788800,72.69,73.42,72.64,72.91,2320300,MMM
1139788800,81.33,81.91,80.18,80.44,5257400,IBM
1139788800,9.52,9.54,9.23,9.24,220907862,AAPL
1139875200,10.54,10.58,10.45,10.5,11758400,NKE
1139875200,141.2,142.32,138.77,141.78,3003200,GS
1139875200,172.84,176.02,171.37,171.83,14658822,GOOGL
1139875200,19.64,19.86,19.58,19.7,55794058,CSCO
1139875200,20.5,20.72,20.47,20.67,14049800,KO
1139875200,21.18,21.47,21.13,21.37,60129138,INTC
1139875200,25.53,25.64,25.44,25.5,31597500,PFE
1139875200,26.41,26.68,26.35,26.65,58434046,MSFT
1139875200,26.56,26.75,26.49,26.75,11966700,DIS
1139875200,32.14,32.83,32.05,32.72,26217040,AABA
1139875200,32.91,33.75,32.9,33.52,16445000,VZ
1139875200,33.18,33.54,33.04,33.46,29266400,GE
1139875200,34.51,34.72,34.35,34.67,6618900,MRK
1139875200,36.36,36.55,36.07,36.37,5392300,MCD
1139875200,38.04,38.49,37.38,38.25,4514262,AMZN
1139875200,39.66,40.33,39.65,40.1,12904100,JPM
1139875200,39.95,41.21,39.83,41.13,12911900,HD
1139875200,43.56,44.84,43.49,44.34,2682400,TRV
1139875200,45.42,46.64,45.28,46.45,14872500,WMT
1139875200,53.3,53.95,53.15,53.51,4900700,AXP
1139875200,55.85,56.3,55.41,55.72,12427200,CVX
1139875200,57.34,58.35,57.16,58.13,2685300,UTX
1139875200,58.5,59.47,58.5,59.45,4771900,UNH
1139875200,58.7,59.27,58.7,59.05,9817200,JNJ
1139875200,59.26,59.9,58.8,59.55,21023400,XOM
1139875200,59.55,60,59.48,59.84,7923000,PG
1139875200,69,70.41,68.23,70.22,4532600,CAT
1139875200,72.35,72.86,71.93,72.71,4160400,BA
1139875200,73.5,74.12,73.41,73.7,3859400,MMM
1139875200,80.55,81.45,80.35,81.09,6075500,IBM
1139875200,9.3,9.73,9.29,9.66,290278597,AAPL
1139961600,10.53,10.62,10.47,10.53,9453600,NKE
1139961600,142,145.5,141.4,145.14,4330700,GS
1139961600,170.81,173.17,169.08,171.36,12950205,GOOGL
1139961600,19.6,19.96,19.6,19.94,65072426,CSCO
1139961600,20.7,20.72,20.56,20.67,13561600,KO
1139961600,21.35,21.47,21.21,21.35,67234473,INTC
1139961600,25.47,25.65,25.22,25.61,28022900,PFE
1139961600,26.6,26.93,26.5,26.88,62811407,MSFT
1139961600,26.75,26.91,26.62,26.88,12094100,DIS
1139961600,32.62,33.33,32.55,33.02,19550488,AABA
1139961600,33.54,33.54,33.26,33.46,18832800,GE
1139961600,33.62,34.37,33.58,34.15,19554300,VZ
1139961600,34.58,35.3,34.58,35.29,12413400,MRK
1139961600,36.26,36.27,35.75,36.01,7669400,MCD
1139961600,38.24,39.28,38.1,39.26,6902712,AMZN
1139961600,39.97,40.5,39.97,40.32,12686700,JPM
1139961600,41.1,41.77,40.8,41.53,10143400,HD
1139961600,44.24,44.35,43.87,43.91,2025400,TRV
1139961600,46.29,46.93,45.89,46.89,11835300,WMT
1139961600,53.68,54.24,53.56,54.19,4576100,AXP
1139961600,55.85,56.37,55.5,55.96,11942200,CVX
1139961600,57.92,58.39,57.65,58.13,2384000,UTX
1139961600,59.08,59.4,58.7,59.1,8314500,JNJ
1139961600,59.4,59.75,58.72,59,4335400,UNH
1139961600,59.75,60.25,59.71,60.11,8575200,PG
1139961600,59.81,59.95,59.05,59.76,21673200,XOM
1139961600,69.93,71.65,69.9,71.6,4396500,CAT
1139961600,72.37,72.74,72.05,72.45,2797800,BA
1139961600,73.71,74.18,73.09,73.13,2672900,MMM
1139961600,80.86,81.5,80.5,80.85,5052000,IBM
1139961600,9.59,9.95,9.54,9.89,290010133,AAPL
1140048000,10.62,10.64,10.54,10.6,6254400,NKE
1140048000,146.1,146.35,144.21,145.9,2847500,GS
1140048000,173.01,183.68,172.42,183.41,21346655,GOOGL
1140048000,19.91,20,19.83,19.98,47370983,CSCO
1140048000,20.64,20.81,20.58,20.8,14381400,KO
1140048000,21.36,21.45,21.18,21.35,70979098,INTC
1140048000,25.6,25.86,25.37,25.81,22623100,PFE
1140048000,26.85,26.9,26.57,26.81,49509025,MSFT
1140048000,26.9,27.1,26.8,27.05,10968200,DIS
1140048000,33.3,33.4,32.6,32.75,19619753,AABA
1140048000,33.44,33.5,33.06,33.35,23893100,GE
1140048000,34.34,34.6,34.1,34.55,12173200,VZ
1140048000,35,36.08,34.98,35.98,12009400,MRK
1140048000,35.99,36.39,35.86,36.37,3963500,MCD
1140048000,39.37,40,38.83,39.15,5685345,AMZN
1140048000,40.45,40.82,40.24,40.82,11572000,JPM
1140048000,41.61,41.95,41.34,41.86,7780200,HD
1140048000,44.1,44.11,43.36,43.4,3310500,TRV
1140048000,46.85,47.02,46.35,46.63,9074400,WMT
1140048000,54.05,54.48,53.82,54.48,4240600,AXP
1140048000,56.1,56.59,55.96,56.3,10608100,CVX
1140048000,58.1,58.33,57.84,58.2,2618600,UTX
1140048000,59.24,59.26,58.13,58.5,5087600,UNH
1140048000,59.45,59.45,58.58,58.98,11893800,JNJ
1140048000,59.9,60.25,59.51,60.25,20057500,XOM
1140048000,60.02,60.83,60.01,60.73,6998200,PG
1140048000,71.79,72,71.39,71.96,3483300,CAT
1140048000,72.65,72.93,72.2,72.55,2216800,BA
1140048000,73.2,73.35,72.5,73.05,2923000,MMM
1140048000,80.68,80.91,80.13,80.91,5310500,IBM
1140048000,9.99,10.14,9.93,10.08,238485674,AAPL
1140134400,10.04,10.13,9.94,10.04,143999667,AAPL
1140134400,10.53,10.65,10.51,10.61,8001600,NKE
1140134400,146.19,146.22,144.06,145.54,2407300,GS
1140134400,185.11,186.26,181.99,184.56,14320187,GOOGL
1140134400,19.94,19.99,19.83,19.86,35965898,CSCO
1140134400,20.82,20.95,20.62,20.9,14525200,KO
1140134400,21,21.04,20.56,20.61,116649006,INTC
